episode_idx,task,cell_id,seed,dart,optional_t5,extra,target_slot,twin_slot,pair_color,pair_type,third_obj,third_slot,place_zone,hand_zone,block_order,hand_goal,base_task,timing_stratum,hand_lowered_first,hold_stratum,change_stratum
0,T1,demo-T1-060,1000600,False,False,False,S4,S1,red,cube,B2,S3,P1,,,,T1,,,,
1,T1,demo-T1-106,1001060,False,False,False,S6,S2,blue,cube,B3,S3,P2,,,,T1,,,,
2,T1,demo-T1-075,1000750,True,False,False,S4,S5,red,cube,B3,S1,P2,,,,T1,,,,
3,T1,demo-T1-115,1001150,True,False,False,S6,S4,blue,cube,B1,S3,P2,,,,T1,,,,
4,T1,demo-T1-026,1000260,False,False,False,S2,S3,yellow,cube,B1,S4,P2,,,,T1,,,,
5,T1,demo-T1-059,1000590,True,False,False,S3,S6,yellow,cube,B2,S2,P2,,,,T1,,,,
6,T1,demo-T1-020,1000200,False,False,False,S2,S1,yellow,cube,B1,S6,P1,,,,T1,,,,
7,T1,demo-T1-086,1000860,False,False,False,S5,S2,yellow,cube,B1,S4,P2,,,,T1,,,,
8,T1,demo-T1-032,1000320,False,False,False,S2,S5,yellow,cube,B1,S6,P1,,,,T1,,,,
9,T1,demo-T1-009,1000090,True,False,False,S1,S4,red,cube,B3,S3,P1,,,,T1,,,,
10,T1,demo-T1-037,1000370,True,False,False,S2,S6,blue,cube,B1,S1,P1,,,,T1,,,,
11,T1,demo-T1-080,1000800,False,False,False,S5,S1,yellow,cube,B1,S2,P1,,,,T1,,,,
12,T1,demo-T1-014,1000140,False,False,False,S1,S5,yellow,cube,B1,S4,P2,,,,T1,,,,
13,T1,demo-T1-099,1000990,True,False,False,S5,S6,red,cube,B3,S4,P2,,,,T1,,,,
14,T1,demo-T1-023,1000230,True,False,False,S2,S1,yellow,cube,B2,S5,P2,,,,T1,,,,
15,T1,demo-T1-042,1000420,False,False,False,S3,S1,red,cube,B2,S2,P2,,,,T1,,,,
16,T1,demo-T1-072,1000720,False,False,False,S4,S5,red,cube,B2,S2,P1,,,,T1,,,,
17,T1,demo-T1-057,1000570,True,False,False,S3,S6,red,cube,B3,S5,P1,,,,T1,,,,
18,T1,demo-T1-095,1000951,True,False,False,S5,S4,yellow,cube,B2,S6,P2,,,,T1,,,,
19,T1,demo-T1-044,1000440,False,False,False,S3,S2,yellow,cube,B1,S5,P1,,,,T1,,,,
20,T1,demo-T1-005,1000050,True,False,False,S1,S3,yellow,cube,B2,S4,P1,,,,T1,,,,
21,T1,demo-T1-033,1000330,True,False,False,S2,S5,red,cube,B3,S1,P1,,,,T1,,,,
22,T1,demo-T1-104,1001040,False,False,False,S6,S2,yellow,cube,B1,S5,P1,,,,T1,,,,
23,T1,demo-T1-019,1000190,True,False,False,S1,S6,blue,cube,B1,S5,P2,,,,T1,,,,
24,T1,demo-T1-035,1000350,True,False,False,S2,S5,yellow,cube,B2,S4,P2,,,,T1,,,,
25,T1,demo-T1-000,1000000,False,False,False,S1,S2,red,cube,B2,S3,P1,,,,T1,,,,
26,T1,demo-T1-039,1000390,True,False,False,S2,S6,red,cube,B3,S4,P2,,,,T1,,,,
27,T1,demo-T1-068,1000680,False,False,False,S4,S3,yellow,cube,B1,S2,P1,,,,T1,,,,
28,T1,demo-T1-006,1000060,False,False,False,S1,S3,red,cube,B2,S5,P2,,,,T1,,,,
29,T1,demo-T1-065,1000650,True,False,False,S4,S2,yellow,cube,B2,S5,P1,,,,T1,,,,
30,T1,demo-T1-109,1001090,True,False,False,S6,S3,blue,cube,B1,S1,P1,,,,T1,,,,
31,T1,demo-T1-018,1000180,False,False,False,S1,S6,red,cube,B2,S4,P2,,,,T1,,,,
32,T1,demo-T1-116,1001160,False,False,False,S6,S5,yellow,cube,B1,S4,P1,,,,T1,,,,
33,T1,demo-T1-011,1000110,True,False,False,S1,S4,yellow,cube,B2,S6,P2,,,,T1,,,,
34,T1,demo-T1-096,1000960,False,False,False,S5,S6,red,cube,B2,S1,P1,,,,T1,,,,
35,T1,demo-T1-034,1000340,False,False,False,S2,S5,blue,cube,B3,S3,P2,,,,T1,,,,
36,T1,demo-T1-064,1000640,False,False,False,S4,S2,blue,cube,B3,S3,P1,,,,T1,,,,
37,T1,demo-T1-097,1000970,True,False,False,S5,S6,blue,cube,B1,S2,P1,,,,T1,,,,
38,T1,demo-T1-012,1000120,False,False,False,S1,S5,red,cube,B2,S2,P1,,,,T1,,,,
39,T1,demo-T1-067,1000670,True,False,False,S4,S2,blue,cube,B1,S1,P2,,,,T1,,,,
40,T1,demo-T1-117,1001170,True,False,False,S6,S5,red,cube,B3,S1,P1,,,,T1,,,,
41,T1,demo-T1-091,1000910,True,False,False,S5,S3,blue,cube,B1,S6,P2,,,,T1,,,,
42,T1,demo-T1-058,1000580,False,False,False,S3,S6,blue,cube,B3,S1,P2,,,,T1,,,,
43,T1,demo-T1-119,1001190,True,False,False,S6,S5,yellow,cube,B2,S3,P2,,,,T1,,,,
44,T1,demo-T1-047,1000470,True,False,False,S3,S2,yellow,cube,B2,S4,P2,,,,T1,,,,
45,T1,demo-T1-085,1000850,True,False,False,S5,S2,blue,cube,B1,S3,P1,,,,T1,,,,
46,T1,demo-T1-049,1000490,True,False,False,S3,S4,blue,cube,B1,S6,P1,,,,T1,,,,
47,T1,demo-T1-028,1000280,False,False,False,S2,S4,blue,cube,B3,S6,P1,,,,T1,,,,
48,T1,demo-T1-043,1000430,True,False,False,S3,S1,blue,cube,B1,S4,P2,,,,T1,,,,
49,T1,demo-T1-036,1000360,False,False,False,S2,S6,red,cube,B2,S5,P1,,,,T1,,,,
50,T1,demo-T1-050,1000500,False,False,False,S3,S4,yellow,cube,B1,S1,P2,,,,T1,,,,
51,T1,demo-T1-063,1000630,True,False,False,S4,S1,red,cube,B3,S2,P2,,,,T1,,,,
52,T1,demo-T1-054,1000540,False,False,False,S3,S5,red,cube,B2,S1,P2,,,,T1,,,,
53,T1,demo-T1-092,1000920,False,False,False,S5,S4,yellow,cube,B1,S1,P1,,,,T1,,,,
54,T1,demo-T1-048,1000480,False,False,False,S3,S4,red,cube,B2,S5,P1,,,,T1,,,,
55,T1,demo-T1-108,1001080,False,False,False,S6,S3,red,cube,B2,S5,P1,,,,T1,,,,
56,T1,demo-T1-016,1000160,False,False,False,S1,S6,blue,cube,B3,S2,P1,,,,T1,,,,
57,T1,demo-T1-074,1000740,False,False,False,S4,S5,yellow,cube,B1,S6,P2,,,,T1,,,,
58,T1,demo-T1-100,1001000,False,False,False,S6,S1,blue,cube,B3,S5,P1,,,,T1,,,,
59,T1,demo-T1-061,1000610,True,False,False,S4,S1,blue,cube,B1,S5,P1,,,,T1,,,,
60,T1,demo-T1-008,1000080,False,False,False,S1,S4,yellow,cube,B1,S2,P1,,,,T1,,,,
61,T1,demo-T1-107,1001070,True,False,False,S6,S2,yellow,cube,B2,S4,P2,,,,T1,,,,
62,T1,demo-T1-056,1000560,False,False,False,S3,S6,yellow,cube,B1,S4,P1,,,,T1,,,,
63,T1,demo-T1-078,1000780,False,False,False,S4,S6,red,cube,B2,S5,P2,,,,T1,,,,
64,T1,demo-T1-053,1000530,True,False,False,S3,S5,yellow,cube,B2,S6,P1,,,,T1,,,,
65,T1,demo-T1-098,1000980,False,False,False,S5,S6,yellow,cube,B1,S3,P2,,,,T1,,,,
66,T1,demo-T1-055,1000551,True,False,False,S3,S5,blue,cube,B1,S2,P2,,,,T1,,,,
67,T1,demo-T1-079,1000790,True,False,False,S4,S6,blue,cube,B1,S1,P2,,,,T1,,,,
68,T1,demo-T1-030,1000300,False,False,False,S2,S4,red,cube,B2,S3,P2,,,,T1,,,,
69,T1,demo-T1-003,1000030,True,False,False,S1,S2,red,cube,B3,S6,P2,,,,T1,,,,
70,T1,demo-T1-066,1000660,False,False,False,S4,S2,red,cube,B2,S6,P2,,,,T1,,,,
71,T1,demo-T1-118,1001180,False,False,False,S6,S5,blue,cube,B3,S2,P2,,,,T1,,,,
72,T1,demo-T1-073,1000730,True,False,False,S4,S5,blue,cube,B1,S3,P1,,,,T1,,,,
73,T1,demo-T1-007,1000070,True,False,False,S1,S3,blue,cube,B1,S6,P2,,,,T1,,,,
74,T1,demo-T1-084,1000840,False,False,False,S5,S2,red,cube,B2,S1,P1,,,,T1,,,,
75,T1,demo-T1-113,1001130,True,False,False,S6,S4,yellow,cube,B2,S1,P1,,,,T1,,,,
76,T1,demo-T1-017,1000171,True,False,False,S1,S6,yellow,cube,B2,S3,P1,,,,T1,,,,
77,T1,demo-T1-040,1000400,False,False,False,S3,S1,blue,cube,B3,S5,P1,,,,T1,,,,
78,T1,demo-T1-089,1000890,True,False,False,S5,S3,yellow,cube,B2,S2,P1,,,,T1,,,,
79,T1,demo-T1-051,1000510,True,False,False,S3,S4,red,cube,B3,S2,P2,,,,T1,,,,
80,T1,demo-T1-024,1000240,False,False,False,S2,S3,red,cube,B2,S6,P1,,,,T1,,,,
81,T1,demo-T1-062,1000620,False,False,False,S4,S1,yellow,cube,B1,S6,P2,,,,T1,,,,
82,T1,demo-T1-013,1000130,True,False,False,S1,S5,blue,cube,B1,S3,P1,,,,T1,,,,
83,T1,demo-T1-045,1000450,True,False,False,S3,S2,red,cube,B3,S6,P1,,,,T1,,,,
84,T1,demo-T1-082,1000820,False,False,False,S5,S1,blue,cube,B3,S4,P2,,,,T1,,,,
85,T1,demo-T1-021,1000210,True,False,False,S2,S1,red,cube,B3,S3,P1,,,,T1,,,,
86,T1,demo-T1-087,1000871,True,False,False,S5,S2,red,cube,B3,S6,P2,,,,T1,,,,
87,T1,demo-T1-038,1000380,False,False,False,S2,S6,yellow,cube,B1,S3,P2,,,,T1,,,,
88,T1,demo-T1-001,1000010,True,False,False,S1,S2,blue,cube,B1,S4,P1,,,,T1,,,,
89,T1,demo-T1-110,1001100,False,False,False,S6,S3,yellow,cube,B1,S2,P2,,,,T1,,,,
90,T1,demo-T1-076,1000760,False,False,False,S4,S6,blue,cube,B3,S2,P1,,,,T1,,,,
91,T1,demo-T1-103,1001030,True,False,False,S6,S1,blue,cube,B1,S4,P2,,,,T1,,,,
92,T1,demo-T1-090,1000900,False,False,False,S5,S3,red,cube,B2,S4,P2,,,,T1,,,,
93,T1,demo-T1-052,1000520,False,False,False,S3,S5,blue,cube,B3,S4,P1,,,,T1,,,,
94,T1,demo-T1-070,1000700,False,False,False,S4,S3,blue,cube,B3,S6,P2,,,,T1,,,,
95,T1,demo-T1-102,1001020,False,False,False,S6,S1,red,cube,B2,S3,P2,,,,T1,,,,
96,T1,demo-T1-077,1000770,True,False,False,S4,S6,yellow,cube,B2,S3,P1,,,,T1,,,,
97,T1,demo-T1-094,1000940,False,False,False,S5,S4,blue,cube,B3,S3,P2,,,,T1,,,,
98,T1,demo-T1-112,1001120,False,False,False,S6,S4,blue,cube,B3,S5,P1,,,,T1,,,,
99,T1,demo-T1-031,1000310,True,False,False,S2,S4,blue,cube,B1,S5,P2,,,,T1,,,,
100,T1,demo-T1-105,1001050,True,False,False,S6,S2,red,cube,B3,S1,P1,,,,T1,,,,
101,T1,demo-T1-046,1000460,False,False,False,S3,S2,blue,cube,B3,S1,P2,,,,T1,,,,
102,T1,demo-T1-088,1000880,False,False,False,S5,S3,blue,cube,B3,S1,P1,,,,T1,,,,
103,T1,demo-T1-022,1000220,False,False,False,S2,S1,blue,cube,B3,S4,P2,,,,T1,,,,
104,T1,demo-T1-083,1000830,True,False,False,S5,S1,yellow,cube,B2,S6,P2,,,,T1,,,,
105,T1,demo-T1-027,1000270,True,False,False,S2,S3,red,cube,B3,S5,P2,,,,T1,,,,
106,T1,demo-T1-111,1001111,True,False,False,S6,S3,red,cube,B3,S4,P2,,,,T1,,,,
107,T1,demo-T1-071,1000710,True,False,False,S4,S3,yellow,cube,B2,S1,P2,,,,T1,,,,
108,T1,demo-T1-010,1000100,False,False,False,S1,S4,blue,cube,B3,S5,P2,,,,T1,,,,
109,T1,demo-T1-101,1001011,True,False,False,S6,S1,yellow,cube,B2,S2,P1,,,,T1,,,,
110,T1,demo-T1-002,1000020,False,False,False,S1,S2,yellow,cube,B1,S5,P2,,,,T1,,,,
111,T1,demo-T1-025,1000250,True,False,False,S2,S3,blue,cube,B1,S1,P1,,,,T1,,,,
112,T1,demo-T1-004,1000040,False,False,False,S1,S3,blue,cube,B3,S2,P1,,,,T1,,,,
113,T1,demo-T1-041,1000410,True,False,False,S3,S1,yellow,cube,B2,S6,P1,,,,T1,,,,
114,T1,demo-T1-015,1000150,True,False,False,S1,S5,red,cube,B3,S6,P2,,,,T1,,,,
115,T1,demo-T1-093,1000930,True,False,False,S5,S4,red,cube,B3,S2,P1,,,,T1,,,,
116,T1,demo-T1-114,1001140,False,False,False,S6,S4,red,cube,B2,S2,P2,,,,T1,,,,
117,T1,demo-T1-081,1000810,True,False,False,S5,S1,red,cube,B3,S3,P1,,,,T1,,,,
118,T1,demo-T1-029,1000290,True,False,False,S2,S4,yellow,cube,B2,S1,P1,,,,T1,,,,
119,T1,demo-T1-069,1000690,True,False,False,S4,S3,red,cube,B3,S5,P1,,,,T1,,,,
120,T2,demo-T2-086,1002060,False,False,False,S2,S4,white,cup,B2,S6,,H1,,,T2,1,True,,
121,T2,demo-T2-134,1002540,False,False,False,S6,S3,white,cup,B2,S1,,H1,,,T2,1,True,,
122,T2,demo-T2-085,1002050,True,False,False,S2,S6,white,cup,B2,S4,,H1,,,T2,0,False,,
123,T2,demo-T2-143,1002630,True,False,False,S6,S4,white,cup,C3,S2,,H2,,,T2,2,False,,
124,T2,demo-T2-103,1002230,True,False,False,S3,S6,white,cup,B3,S4,,H2,,,T2,0,False,,
125,T2,demo-T2-139,1002591,True,False,False,S6,S4,white,cup,B3,S2,,H2,,,T2,0,False,,
126,T2,demo-T2-012,1001320,False,False,False,S2,S1,red,cube,B2,S3,,H1,,,T2,0,True,,
127,T2,demo-T2-038,1001580,False,False,False,S4,S3,red,cube,B2,S5,,H1,,,T2,1,True,,
128,T2,demo-T2-090,1002100,False,False,False,S2,S4,white,cup,C3,S6,,H2,,,T2,0,True,,
129,T2,demo-T2-027,1001471,True,False,False,S3,S5,red,cube,B2,S6,,H1,,,T2,1,False,,
130,T2,demo-T2-109,1002292,True,False,False,S4,S2,white,cup,B1,S6,,H1,,,T2,0,False,,
131,T2,demo-T2-057,1001771,True,False,False,S5,S6,red,cube,C1,S1,,H2,,,T2,1,False,,
132,T2,demo-T2-042,1001620,False,False,False,S4,S2,red,cube,B3,S3,,H2,,,T2,0,True,,
133,T2,demo-T2-023,1001432,True,False,False,S2,S3,red,cube,C1,S6,,H2,,,T2,2,False,,
134,T2,demo-T2-117,1002370,True,False,False,S4,S2,white,cup,B3,S6,,H2,,,T2,1,False,,
135,T2,demo-T2-021,1001410,True,False,False,S2,S6,red,cube,C1,S4,,H2,,,T2,1,False,,
136,T2,demo-T2-045,1001651,True,False,False,S4,S6,red,cube,C1,S1,,H2,,,T2,1,False,,
137,T2,demo-T2-083,1002030,True,False,False,S1,S6,white,cup,C3,S4,,H2,,,T2,2,False,,
138,T2,demo-T2-140,1002600,False,False,False,S6,S1,white,cup,B3,S3,,H2,,,T2,1,True,,
139,T2,demo-T2-129,1002490,True,False,False,S5,S3,white,cup,B2,S1,,H2,,,T2,1,False,,
140,T2,demo-T2-066,1001860,False,False,False,S6,S2,red,cube,B3,S3,,H2,,,T2,0,True,,
141,T2,demo-T2-092,1002120,False,False,False,S2,S4,white,cup,B1,S6,,H2,,,T2,1,True,,
142,T2,demo-T2-097,1002170,True,False,False,S3,S4,white,cup,B1,S6,,H1,,,T2,0,False,,
143,T2,demo-T2-039,1001591,True,False,False,S4,S5,red,cube,B2,S6,,H1,,,T2,1,False,,
144,T2,demo-T2-061,1001810,True,False,False,S6,S2,red,cube,B2,S3,,H1,,,T2,0,False,,
145,T2,demo-T2-115,1002351,True,False,False,S4,S6,white,cup,B3,S2,,H2,,,T2,0,False,,
146,T2,demo-T2-106,1002260,False,False,False,S3,S5,white,cup,C3,S1,,H2,,,T2,2,True,,
147,T2,demo-T2-132,1002520,False,False,False,S6,S1,white,cup,B1,S3,,H1,,,T2,0,True,,
148,T2,demo-T2-104,1002240,False,False,False,S3,S1,white,cup,B3,S5,,H2,,,T2,1,True,,
149,T2,demo-T2-007,1001271,True,False,False,S1,S4,red,cube,B3,S5,,H2,,,T2,0,False,,
150,T2,demo-T2-035,1001550,True,False,False,S3,S2,red,cube,C1,S5,,H2,,,T2,2,False,,
151,T2,demo-T2-122,1002420,False,False,False,S5,S1,white,cup,B2,S3,,H1,,,T2,1,True,,
152,T2,demo-T2-005,1001250,True,False,False,S1,S2,red,cube,B3,S3,,H1,,,T2,2,False,,
153,T2,demo-T2-141,1002610,True,False,False,S6,S2,white,cup,B3,S4,,H2,,,T2,1,False,,
154,T2,demo-T2-126,1002460,False,False,False,S5,S1,white,cup,C3,S3,,H2,,,T2,0,True,,
155,T2,demo-T2-018,1001380,False,False,False,S2,S3,red,cube,B3,S4,,H2,,,T2,0,True,,
156,T2,demo-T2-127,1002470,True,False,False,S5,S3,white,cup,B1,S1,,H2,,,T2,0,False,,
157,T2,demo-T2-101,1002210,True,False,False,S3,S4,white,cup,B2,S6,,H1,,,T2,2,False,,
158,T2,demo-T2-124,1002440,False,False,False,S5,S1,white,cup,B3,S3,,H1,,,T2,2,True,,
159,T2,demo-T2-010,1001300,False,False,False,S1,S2,red,cube,C1,S4,,H2,,,T2,2,True,,
160,T2,demo-T2-058,1001780,False,False,False,S5,S1,red,cube,C1,S3,,H2,,,T2,2,True,,
161,T2,demo-T2-001,1001211,True,False,False,S1,S3,red,cube,B2,S4,,H1,,,T2,0,False,,
162,T2,demo-T2-130,1002500,False,False,False,S5,S1,white,cup,B2,S3,,H2,,,T2,2,True,,
163,T2,demo-T2-000,1001200,False,False,False,S1,S2,red,cube,B2,S3,,H1,,,T2,0,True,,
164,T2,demo-T2-053,1001731,True,False,False,S5,S1,red,cube,B3,S2,,H1,,,T2,2,False,,
165,T2,demo-T2-060,1001800,False,False,False,S6,S1,red,cube,B2,S2,,H1,,,T2,0,True,,
166,T2,demo-T2-089,1002090,True,False,False,S2,S6,white,cup,C3,S4,,H1,,,T2,2,False,,
167,T2,demo-T2-125,1002450,True,False,False,S5,S3,white,cup,C3,S1,,H1,,,T2,2,False,,
168,T2,demo-T2-014,1001340,False,False,False,S2,S4,red,cube,B2,S5,,H1,,,T2,1,True,,
169,T2,demo-T2-080,1002000,False,False,False,S1,S3,white,cup,B3,S5,,H2,,,T2,1,True,,
170,T2,demo-T2-133,1002530,True,False,False,S6,S2,white,cup,B1,S4,,H1,,,T2,0,False,,
171,T2,demo-T2-082,1002020,False,False,False,S1,S5,white,cup,C3,S3,,H2,,,T2,2,True,,
172,T2,demo-T2-137,1002570,True,False,False,S6,S2,white,cup,B2,S4,,H1,,,T2,2,False,,
173,T2,demo-T2-111,1002310,True,False,False,S4,S6,white,cup,B2,S2,,H1,,,T2,1,False,,
174,T2,demo-T2-032,1001520,False,False,False,S3,S5,red,cube,B3,S6,,H2,,,T2,1,True,,
175,T2,demo-T2-063,1001830,True,False,False,S6,S4,red,cube,B2,S5,,H1,,,T2,1,False,,
176,T2,demo-T2-099,1002191,True,False,False,S3,S6,white,cup,B2,S4,,H1,,,T2,1,False,,
177,T2,demo-T2-062,1001820,False,False,False,S6,S3,red,cube,B2,S4,,H1,,,T2,1,True,,
178,T2,demo-T2-024,1001440,False,False,False,S3,S1,red,cube,B2,S2,,H1,,,T2,0,True,,
179,T2,demo-T2-011,1001311,True,False,False,S1,S3,red,cube,C1,S5,,H2,,,T2,2,False,,
180,T2,demo-T2-096,1002160,False,False,False,S3,S1,white,cup,B1,S4,,H1,,,T2,0,True,,
181,T2,demo-T2-121,1002411,True,False,False,S5,S3,white,cup,B2,S1,,H1,,,T2,0,False,,
182,T2,demo-T2-113,1002330,True,False,False,S4,S2,white,cup,B2,S6,,H1,,,T2,2,False,,
183,T2,demo-T2-065,1001850,True,False,False,S6,S1,red,cube,B3,S2,,H1,,,T2,2,False,,
184,T2,demo-T2-037,1001570,True,False,False,S4,S2,red,cube,B2,S3,,H1,,,T2,0,False,,
185,T2,demo-T2-017,1001371,True,False,False,S2,S1,red,cube,B3,S3,,H1,,,T2,2,False,,
186,T2,demo-T2-049,1001690,True,False,False,S5,S2,red,cube,B2,S3,,H1,,,T2,0,False,,
187,T2,demo-T2-119,1002390,True,False,False,S4,S6,white,cup,C3,S2,,H2,,,T2,2,False,,
188,T2,demo-T2-020,1001400,False,False,False,S2,S5,red,cube,B3,S6,,H2,,,T2,1,True,,
189,T2,demo-T2-043,1001631,True,False,False,S4,S3,red,cube,B3,S5,,H2,,,T2,0,False,,
190,T2,demo-T2-028,1001480,False,False,False,S3,S6,red,cube,B3,S1,,H1,,,T2,2,True,,
191,T2,demo-T2-008,1001280,False,False,False,S1,S5,red,cube,B3,S6,,H2,,,T2,1,True,,
192,T2,demo-T2-026,1001460,False,False,False,S3,S4,red,cube,B2,S5,,H1,,,T2,1,True,,
193,T2,demo-T2-006,1001260,False,False,False,S1,S3,red,cube,B3,S4,,H2,,,T2,0,True,,
194,T2,demo-T2-107,1002270,True,False,False,S3,S6,white,cup,C3,S4,,H2,,,T2,2,False,,
195,T2,demo-T2-128,1002480,False,False,False,S5,S1,white,cup,B1,S3,,H2,,,T2,1,True,,
196,T2,demo-T2-100,1002200,False,False,False,S3,S1,white,cup,B2,S5,,H1,,,T2,2,True,,
197,T2,demo-T2-120,1002401,False,False,False,S5,S1,white,cup,B1,S3,,H1,,,T2,0,True,,
198,T2,demo-T2-022,1001420,False,False,False,S2,S1,red,cube,C1,S5,,H2,,,T2,2,True,,
199,T2,demo-T2-116,1002360,False,False,False,S4,S1,white,cup,B3,S3,,H2,,,T2,1,True,,
200,T2,demo-T2-059,1001790,True,False,False,S5,S2,red,cube,B2,S1,,H2,,,T2,2,False,,
201,T2,demo-T2-135,1002550,True,False,False,S6,S4,white,cup,B2,S2,,H1,,,T2,1,False,,
202,T2,demo-T2-102,1002220,False,False,False,S3,S5,white,cup,B3,S1,,H2,,,T2,0,True,,
203,T2,demo-T2-138,1002580,False,False,False,S6,S3,white,cup,B3,S1,,H2,,,T2,0,True,,
204,T2,demo-T2-031,1001510,True,False,False,S3,S4,red,cube,B3,S5,,H2,,,T2,0,False,,
205,T2,demo-T2-070,1001900,False,False,False,S6,S1,red,cube,C1,S3,,H2,,,T2,2,True,,
206,T2,demo-T2-009,1001290,True,False,False,S1,S6,red,cube,C1,S3,,H2,,,T2,1,False,,
207,T2,demo-T2-142,1002620,False,False,False,S6,S3,white,cup,C3,S1,,H2,,,T2,2,True,,
208,T2,demo-T2-033,1001530,True,False,False,S3,S6,red,cube,C1,S1,,H2,,,T2,1,False,,
209,T2,demo-T2-110,1002300,False,False,False,S4,S3,white,cup,B2,S1,,H1,,,T2,1,True,,
210,T2,demo-T2-079,1001990,True,False,False,S1,S6,white,cup,B3,S4,,H2,,,T2,0,False,,
211,T2,demo-T2-044,1001640,False,False,False,S4,S5,red,cube,B3,S6,,H2,,,T2,1,True,,
212,T2,demo-T2-105,1002250,True,False,False,S3,S4,white,cup,B3,S6,,H2,,,T2,1,False,,
213,T2,demo-T2-046,1001660,False,False,False,S4,S1,red,cube,C1,S3,,H2,,,T2,2,True,,
214,T2,demo-T2-016,1001360,False,False,False,S2,S6,red,cube,B3,S1,,H1,,,T2,2,True,,
215,T2,demo-T2-067,1001870,True,False,False,S6,S3,red,cube,B3,S4,,H2,,,T2,0,False,,
216,T2,demo-T2-036,1001560,False,False,False,S4,S1,red,cube,B2,S2,,H1,,,T2,0,True,,
217,T2,demo-T2-069,1001890,True,False,False,S6,S5,red,cube,C1,S1,,H2,,,T2,1,False,,
218,T2,demo-T2-052,1001720,False,False,False,S5,S6,red,cube,B3,S1,,H1,,,T2,2,True,,
219,T2,demo-T2-078,1001980,False,False,False,S1,S5,white,cup,B3,S3,,H2,,,T2,0,True,,
220,T2,demo-T2-019,1001391,True,False,False,S2,S4,red,cube,B3,S5,,H2,,,T2,0,False,,
221,T2,demo-T2-004,1001240,False,False,False,S1,S6,red,cube,B3,S2,,H1,,,T2,2,True,,
222,T2,demo-T2-131,1002510,True,False,False,S5,S3,white,cup,B3,S1,,H2,,,T2,2,False,,
223,T2,demo-T2-114,1002340,False,False,False,S4,S3,white,cup,B3,S1,,H2,,,T2,0,True,,
224,T2,demo-T2-087,1002070,True,False,False,S2,S6,white,cup,B3,S4,,H1,,,T2,1,False,,
225,T2,demo-T2-029,1001490,True,False,False,S3,S1,red,cube,B3,S2,,H1,,,T2,2,False,,
226,T2,demo-T2-064,1001840,False,False,False,S6,S5,red,cube,B3,S1,,H1,,,T2,2,True,,
227,T2,demo-T2-041,1001610,True,False,False,S4,S1,red,cube,B3,S2,,H1,,,T2,2,False,,
228,T2,demo-T2-056,1001762,False,False,False,S5,S4,red,cube,B3,S6,,H2,,,T2,1,True,,
229,T2,demo-T2-040,1001600,False,False,False,S4,S6,red,cube,B3,S1,,H1,,,T2,2,True,,
230,T2,demo-T2-003,1001230,True,False,False,S1,S5,red,cube,B2,S6,,H1,,,T2,1,False,,
231,T2,demo-T2-051,1001712,True,False,False,S5,S4,red,cube,B2,S6,,H1,,,T2,1,False,,
232,T2,demo-T2-084,1002040,False,False,False,S2,S4,white,cup,B1,S6,,H1,,,T2,0,True,,
233,T2,demo-T2-074,1001940,False,False,False,S1,S5,white,cup,B2,S3,,H1,,,T2,1,True,,
234,T2,demo-T2-093,1002130,True,False,False,S2,S6,white,cup,B2,S4,,H2,,,T2,1,False,,
235,T2,demo-T2-054,1001740,False,False,False,S5,S2,red,cube,B3,S3,,H2,,,T2,0,True,,
236,T2,demo-T2-015,1001350,True,False,False,S2,S5,red,cube,B2,S6,,H1,,,T2,1,False,,
237,T2,demo-T2-002,1001220,False,False,False,S1,S4,red,cube,B2,S5,,H1,,,T2,1,True,,
238,T2,demo-T2-068,1001880,False,False,False,S6,S4,red,cube,B3,S5,,H2,,,T2,1,True,,
239,T2,demo-T2-108,1002280,False,False,False,S4,S1,white,cup,B1,S3,,H1,,,T2,0,True,,
240,T2,demo-T2-075,1001950,True,False,False,S1,S6,white,cup,B2,S4,,H1,,,T2,1,False,,
241,T2,demo-T2-112,1002320,False,False,False,S4,S1,white,cup,B2,S3,,H1,,,T2,2,True,,
242,T2,demo-T2-013,1001332,True,False,False,S2,S3,red,cube,B2,S4,,H1,,,T2,0,False,,
243,T2,demo-T2-050,1001700,False,False,False,S5,S3,red,cube,B2,S4,,H1,,,T2,1,True,,
244,T2,demo-T2-081,1002010,True,False,False,S1,S4,white,cup,B3,S6,,H2,,,T2,1,False,,
245,T2,demo-T2-123,1002430,True,False,False,S5,S3,white,cup,B3,S1,,H1,,,T2,1,False,,
246,T2,demo-T2-088,1002080,False,False,False,S2,S4,white,cup,B3,S6,,H1,,,T2,2,True,,
247,T2,demo-T2-077,1001970,True,False,False,S1,S4,white,cup,B2,S6,,H1,,,T2,2,False,,
248,T2,demo-T2-094,1002140,False,False,False,S2,S4,white,cup,B2,S6,,H2,,,T2,2,True,,
249,T2,demo-T2-030,1001500,False,False,False,S3,S2,red,cube,B3,S4,,H2,,,T2,0,True,,
250,T2,demo-T2-091,1002111,True,False,False,S2,S6,white,cup,B1,S4,,H2,,,T2,0,False,,
251,T2,demo-T2-076,1001960,False,False,False,S1,S3,white,cup,B2,S5,,H1,,,T2,2,True,,
252,T2,demo-T2-136,1002560,False,False,False,S6,S1,white,cup,B2,S3,,H1,,,T2,2,True,,
253,T2,demo-T2-073,1001930,True,False,False,S1,S4,white,cup,B1,S6,,H1,,,T2,0,False,,
254,T2,demo-T2-118,1002380,False,False,False,S4,S3,white,cup,C3,S1,,H2,,,T2,2,True,,
255,T2,demo-T2-098,1002180,False,False,False,S3,S5,white,cup,B2,S1,,H1,,,T2,1,True,,
256,T2,demo-T2-071,1001911,True,False,False,S6,S2,red,cube,C1,S4,,H2,,,T2,2,False,,
257,T2,demo-T2-034,1001540,False,False,False,S3,S1,red,cube,C1,S4,,H2,,,T2,2,True,,
258,T2,demo-T2-095,1002151,True,False,False,S2,S6,white,cup,B3,S4,,H2,,,T2,2,False,,
259,T2,demo-T2-025,1001451,True,False,False,S3,S2,red,cube,B2,S4,,H1,,,T2,0,False,,
260,T2,demo-T2-048,1001680,False,False,False,S5,S1,red,cube,B2,S2,,H1,,,T2,0,True,,
261,T3,demo-T3-041,1003050,True,False,False,S6,S3,,,,,,,B2-B1,,T3,,,,
262,T3,demo-T3-035,1002991,True,False,False,S5,S3,,,,,,,B2-B1,,T3,,,,
263,T3,demo-T3-038,1003020,False,False,False,S6,S2,,,,,,,B1-B2,,T3,,,,
264,T3,demo-T3-061,1003250,True,False,False,S3,S4,,,,,,,B2-B1,,T3,,,,
265,T3,demo-T3-079,1003430,True,False,False,S5,S3,,,,,,,B2-B1,,T3,,,,
266,T3,demo-T3-039,1003030,True,False,False,S6,S2,,,,,,,B2-B1,,T3,,,,
267,T3,demo-T3-050,1003140,False,False,False,S1,S6,,,,,,,B1-B2,,T3,,,,
268,T3,demo-T3-043,1003070,True,False,False,S6,S4,,,,,,,B2-B1,,T3,,,,
269,T3,demo-T3-011,1002751,True,False,False,S2,S5,,,,,,,B2-B1,,T3,,,,
270,T3,demo-T3-083,1003471,True,False,False,S6,S2,,,,,,,B2-B1,,T3,,,,
271,T3,demo-T3-065,1003290,True,False,False,S3,S6,,,,,,,B2-B1,,T3,,,,
272,T3,demo-T3-087,1003510,True,False,False,S6,S4,,,,,,,B2-B1,,T3,,,,
273,T3,demo-T3-067,1003311,True,False,False,S4,S1,,,,,,,B2-B1,,T3,,,,
274,T3,demo-T3-059,1003230,True,False,False,S3,S1,,,,,,,B2-B1,,T3,,,,
275,T3,demo-T3-033,1002971,True,False,False,S5,S2,,,,,,,B2-B1,,T3,,,,
276,T3,demo-T3-054,1003180,False,False,False,S2,S5,,,,,,,B1-B2,,T3,,,,
277,T3,demo-T3-017,1002810,True,False,False,S3,S4,,,,,,,B2-B1,,T3,,,,
278,T3,demo-T3-046,1003100,False,False,False,S1,S4,,,,,,,B1-B2,,T3,,,,
279,T3,demo-T3-008,1002720,False,False,False,S2,S4,,,,,,,B1-B2,,T3,,,,
280,T3,demo-T3-014,1002780,False,False,False,S3,S1,,,,,,,B1-B2,,T3,,,,
281,T3,demo-T3-057,1003211,True,False,False,S2,S6,,,,,,,B2-B1,,T3,,,,
282,T3,demo-T3-058,1003220,False,False,False,S3,S1,,,,,,,B1-B2,,T3,,,,
283,T3,demo-T3-078,1003420,False,False,False,S5,S3,,,,,,,B1-B2,,T3,,,,
284,T3,demo-T3-015,1002792,True,False,False,S3,S1,,,,,,,B2-B1,,T3,,,,
285,T3,demo-T3-073,1003370,True,False,False,S4,S6,,,,,,,B2-B1,,T3,,,,
286,T3,demo-T3-013,1002771,True,False,False,S2,S6,,,,,,,B2-B1,,T3,,,,
287,T3,demo-T3-024,1002880,False,False,False,S4,S2,,,,,,,B1-B2,,T3,,,,
288,T3,demo-T3-002,1002660,False,False,False,S1,S4,,,,,,,B1-B2,,T3,,,,
289,T3,demo-T3-072,1003360,False,False,False,S4,S6,,,,,,,B1-B2,,T3,,,,
290,T3,demo-T3-006,1002700,False,False,False,S1,S6,,,,,,,B1-B2,,T3,,,,
291,T3,demo-T3-027,1002911,True,False,False,S4,S3,,,,,,,B2-B1,,T3,,,,
292,T3,demo-T3-018,1002820,False,False,False,S3,S5,,,,,,,B1-B2,,T3,,,,
293,T3,demo-T3-037,1003011,True,False,False,S6,S1,,,,,,,B2-B1,,T3,,,,
294,T3,demo-T3-020,1002840,False,False,False,S3,S6,,,,,,,B1-B2,,T3,,,,
295,T3,demo-T3-086,1003500,False,False,False,S6,S4,,,,,,,B1-B2,,T3,,,,
296,T3,demo-T3-003,1002672,True,False,False,S1,S4,,,,,,,B2-B1,,T3,,,,
297,T3,demo-T3-012,1002760,False,False,False,S2,S6,,,,,,,B1-B2,,T3,,,,
298,T3,demo-T3-048,1003120,False,False,False,S1,S5,,,,,,,B1-B2,,T3,,,,
299,T3,demo-T3-010,1002740,False,False,False,S2,S5,,,,,,,B1-B2,,T3,,,,
300,T3,demo-T3-004,1002680,False,False,False,S1,S5,,,,,,,B1-B2,,T3,,,,
301,T3,demo-T3-075,1003391,True,False,False,S5,S1,,,,,,,B2-B1,,T3,,,,
302,T3,demo-T3-026,1002901,False,False,False,S4,S3,,,,,,,B1-B2,,T3,,,,
303,T3,demo-T3-036,1003000,False,False,False,S6,S1,,,,,,,B1-B2,,T3,,,,
304,T3,demo-T3-030,1002940,False,False,False,S5,S1,,,,,,,B1-B2,,T3,,,,
305,T3,demo-T3-060,1003240,False,False,False,S3,S4,,,,,,,B1-B2,,T3,,,,
306,T3,demo-T3-052,1003160,False,False,False,S2,S4,,,,,,,B1-B2,,T3,,,,
307,T3,demo-T3-023,1002870,True,False,False,S4,S1,,,,,,,B2-B1,,T3,,,,
308,T3,demo-T3-034,1002980,False,False,False,S5,S3,,,,,,,B1-B2,,T3,,,,
309,T3,demo-T3-080,1003440,False,False,False,S6,S1,,,,,,,B1-B2,,T3,,,,
310,T3,demo-T3-022,1002860,False,False,False,S4,S1,,,,,,,B1-B2,,T3,,,,
311,T3,demo-T3-064,1003280,False,False,False,S3,S6,,,,,,,B1-B2,,T3,,,,
312,T3,demo-T3-085,1003490,True,False,False,S6,S3,,,,,,,B2-B1,,T3,,,,
313,T3,demo-T3-045,1003091,True,False,False,S1,S3,,,,,,,B2-B1,,T3,,,,
314,T3,demo-T3-081,1003450,True,False,False,S6,S1,,,,,,,B2-B1,,T3,,,,
315,T3,demo-T3-001,1002650,True,False,False,S1,S3,,,,,,,B2-B1,,T3,,,,
316,T3,demo-T3-040,1003040,False,False,False,S6,S3,,,,,,,B1-B2,,T3,,,,
317,T3,demo-T3-056,1003200,False,False,False,S2,S6,,,,,,,B1-B2,,T3,,,,
318,T3,demo-T3-070,1003340,False,False,False,S4,S3,,,,,,,B1-B2,,T3,,,,
319,T3,demo-T3-062,1003260,False,False,False,S3,S5,,,,,,,B1-B2,,T3,,,,
320,T3,demo-T3-066,1003302,False,False,False,S4,S1,,,,,,,B1-B2,,T3,,,,
321,T3,demo-T3-084,1003480,False,False,False,S6,S3,,,,,,,B1-B2,,T3,,,,
322,T3,demo-T3-029,1002930,True,False,False,S4,S6,,,,,,,B2-B1,,T3,,,,
323,T3,demo-T3-000,1002640,False,False,False,S1,S3,,,,,,,B1-B2,,T3,,,,
324,T3,demo-T3-077,1003410,True,False,False,S5,S2,,,,,,,B2-B1,,T3,,,,
325,T3,demo-T3-068,1003320,False,False,False,S4,S2,,,,,,,B1-B2,,T3,,,,
326,T3,demo-T3-074,1003380,False,False,False,S5,S1,,,,,,,B1-B2,,T3,,,,
327,T3,demo-T3-016,1002800,False,False,False,S3,S4,,,,,,,B1-B2,,T3,,,,
328,T3,demo-T3-051,1003150,True,False,False,S1,S6,,,,,,,B2-B1,,T3,,,,
329,T3,demo-T3-031,1002950,True,False,False,S5,S1,,,,,,,B2-B1,,T3,,,,
330,T3,demo-T3-082,1003460,False,False,False,S6,S2,,,,,,,B1-B2,,T3,,,,
331,T3,demo-T3-028,1002920,False,False,False,S4,S6,,,,,,,B1-B2,,T3,,,,
332,T3,demo-T3-076,1003400,False,False,False,S5,S2,,,,,,,B1-B2,,T3,,,,
333,T3,demo-T3-009,1002730,True,False,False,S2,S4,,,,,,,B2-B1,,T3,,,,
334,T3,demo-T3-044,1003080,False,False,False,S1,S3,,,,,,,B1-B2,,T3,,,,
335,T3,demo-T3-071,1003351,True,False,False,S4,S3,,,,,,,B2-B1,,T3,,,,
336,T3,demo-T3-042,1003060,False,False,False,S6,S4,,,,,,,B1-B2,,T3,,,,
337,T3,demo-T3-069,1003332,True,False,False,S4,S2,,,,,,,B2-B1,,T3,,,,
338,T3,demo-T3-063,1003270,True,False,False,S3,S5,,,,,,,B2-B1,,T3,,,,
339,T3,demo-T3-053,1003170,True,False,False,S2,S4,,,,,,,B2-B1,,T3,,,,
340,T3,demo-T3-049,1003130,True,False,False,S1,S5,,,,,,,B2-B1,,T3,,,,
341,T3,demo-T3-019,1002830,True,False,False,S3,S5,,,,,,,B2-B1,,T3,,,,
342,T3,demo-T3-047,1003110,True,False,False,S1,S4,,,,,,,B2-B1,,T3,,,,
343,T3,demo-T3-032,1002960,False,False,False,S5,S2,,,,,,,B1-B2,,T3,,,,
344,T4,demo-T4-001,1003530,True,False,False,S1,,red,,,,,,,,T4,0,,1,
345,T4,demo-T4-065,1004170,True,False,False,S6,,blue,,,,,,,,T4,2,,1,
346,T4,demo-T4-005,1003570,True,False,False,S1,,yellow,,,,,,,,T4,2,,1,
347,T4,demo-T4-071,1004230,True,False,False,S6,,blue,,,,,,,,T4,5,,1,
348,T4,demo-T4-037,1003890,True,False,False,S4,,red,,,,,,,,T4,0,,1,
349,T4,demo-T4-069,1004210,True,False,False,S6,,red,,,,,,,,T4,4,,1,
350,T4,demo-T4-000,1003520,False,False,False,S1,,red,,,,,,,,T4,0,,0,
351,T4,demo-T4-038,1003900,False,False,False,S4,,blue,,,,,,,,T4,1,,0,
352,T4,demo-T4-054,1004060,False,False,False,S5,,blue,,,,,,,,T4,3,,0,
353,T4,demo-T4-020,1003720,False,False,False,S2,,yellow,,,,,,,,T4,4,,0,
354,T4,demo-T4-008,1003600,False,False,False,S1,,blue,,,,,,,,T4,4,,0,
355,T4,demo-T4-023,1003750,True,False,False,S2,,red,,,,,,,,T4,5,,1,
356,T4,demo-T4-007,1003590,True,False,False,S1,,red,,,,,,,,T4,3,,1,
357,T4,demo-T4-068,1004200,False,False,False,S6,,red,,,,,,,,T4,4,,0,
358,T4,demo-T4-040,1003920,False,False,False,S4,,yellow,,,,,,,,T4,2,,0,
359,T4,demo-T4-058,1004100,False,False,False,S5,,red,,,,,,,,T4,5,,0,
360,T4,demo-T4-067,1004190,True,False,False,S6,,yellow,,,,,,,,T4,3,,1,
361,T4,demo-T4-011,1003630,True,False,False,S1,,yellow,,,,,,,,T4,5,,1,
362,T4,demo-T4-061,1004130,True,False,False,S6,,yellow,,,,,,,,T4,0,,1,
363,T4,demo-T4-029,1003810,True,False,False,S3,,blue,,,,,,,,T4,2,,1,
364,T4,demo-T4-050,1004020,False,False,False,S5,,yellow,,,,,,,,T4,1,,0,
365,T4,demo-T4-024,1003760,False,False,False,S3,,yellow,,,,,,,,T4,0,,0,
366,T4,demo-T4-006,1003580,False,False,False,S1,,red,,,,,,,,T4,3,,0,
367,T4,demo-T4-032,1003840,False,False,False,S3,,red,,,,,,,,T4,4,,0,
368,T4,demo-T4-015,1003670,True,False,False,S2,,yellow,,,,,,,,T4,1,,1,
369,T4,demo-T4-033,1003850,True,False,False,S3,,red,,,,,,,,T4,4,,1,
370,T4,demo-T4-047,1003990,True,False,False,S4,,yellow,,,,,,,,T4,5,,1,
371,T4,demo-T4-052,1004040,False,False,False,S5,,red,,,,,,,,T4,2,,0,
372,T4,demo-T4-042,1003940,False,False,False,S4,,red,,,,,,,,T4,3,,0,
373,T4,demo-T4-053,1004050,True,False,False,S5,,red,,,,,,,,T4,2,,1,
374,T4,demo-T4-039,1003910,True,False,False,S4,,blue,,,,,,,,T4,1,,1,
375,T4,demo-T4-027,1003790,True,False,False,S3,,red,,,,,,,,T4,1,,1,
376,T4,demo-T4-014,1003660,False,False,False,S2,,yellow,,,,,,,,T4,1,,0,
377,T4,demo-T4-048,1004000,False,False,False,S5,,blue,,,,,,,,T4,0,,0,
378,T4,demo-T4-063,1004150,True,False,False,S6,,red,,,,,,,,T4,1,,1,
379,T4,demo-T4-026,1003780,False,False,False,S3,,red,,,,,,,,T4,1,,0,
380,T4,demo-T4-062,1004140,False,False,False,S6,,red,,,,,,,,T4,1,,0,
381,T4,demo-T4-043,1003950,True,False,False,S4,,red,,,,,,,,T4,3,,1,
382,T4,demo-T4-012,1003640,False,False,False,S2,,blue,,,,,,,,T4,0,,0,
383,T4,demo-T4-035,1003870,True,False,False,S3,,blue,,,,,,,,T4,5,,1,
384,T4,demo-T4-013,1003650,True,False,False,S2,,blue,,,,,,,,T4,0,,1,
385,T4,demo-T4-049,1004010,True,False,False,S5,,blue,,,,,,,,T4,0,,1,
386,T4,demo-T4-017,1003690,True,False,False,S2,,red,,,,,,,,T4,2,,1,
387,T4,demo-T4-004,1003560,False,False,False,S1,,yellow,,,,,,,,T4,2,,0,
388,T4,demo-T4-022,1003740,False,False,False,S2,,red,,,,,,,,T4,5,,0,
389,T4,demo-T4-030,1003820,False,False,False,S3,,yellow,,,,,,,,T4,3,,0,
390,T4,demo-T4-045,1003971,True,False,False,S4,,blue,,,,,,,,T4,4,,1,
391,T4,demo-T4-066,1004180,False,False,False,S6,,yellow,,,,,,,,T4,3,,0,
392,T4,demo-T4-025,1003770,True,False,False,S3,,yellow,,,,,,,,T4,0,,1,
393,T4,demo-T4-046,1003980,False,False,False,S4,,yellow,,,,,,,,T4,5,,0,
394,T4,demo-T4-016,1003680,False,False,False,S2,,red,,,,,,,,T4,2,,0,
395,T4,demo-T4-031,1003830,True,False,False,S3,,yellow,,,,,,,,T4,3,,1,
396,T4,demo-T4-019,1003710,True,False,False,S2,,blue,,,,,,,,T4,3,,1,
397,T4,demo-T4-034,1003860,False,False,False,S3,,blue,,,,,,,,T4,5,,0,
398,T4,demo-T4-002,1003540,False,False,False,S1,,blue,,,,,,,,T4,1,,0,
399,T4,demo-T4-028,1003800,False,False,False,S3,,blue,,,,,,,,T4,2,,0,
400,T4,demo-T4-060,1004120,False,False,False,S6,,yellow,,,,,,,,T4,0,,0,
401,T4,demo-T4-051,1004030,True,False,False,S5,,yellow,,,,,,,,T4,1,,1,
402,T4,demo-T4-010,1003620,False,False,False,S1,,yellow,,,,,,,,T4,5,,0,
403,T4,demo-T4-018,1003700,False,False,False,S2,,blue,,,,,,,,T4,3,,0,
404,T4,demo-T4-044,1003960,False,False,False,S4,,blue,,,,,,,,T4,4,,0,
405,T4,demo-T4-059,1004110,True,False,False,S5,,red,,,,,,,,T4,5,,1,
406,T4,demo-T4-036,1003880,False,False,False,S4,,red,,,,,,,,T4,0,,0,
407,T4,demo-T4-003,1003550,True,False,False,S1,,blue,,,,,,,,T4,1,,1,
408,T4,demo-T4-041,1003931,True,False,False,S4,,yellow,,,,,,,,T4,2,,1,
409,T4,demo-T4-056,1004080,False,False,False,S5,,yellow,,,,,,,,T4,4,,0,
410,T4,demo-T4-070,1004220,False,False,False,S6,,blue,,,,,,,,T4,5,,0,
411,T4,demo-T4-021,1003730,True,False,False,S2,,yellow,,,,,,,,T4,4,,1,
412,T4,demo-T4-009,1003610,True,False,False,S1,,blue,,,,,,,,T4,4,,1,
413,T4,demo-T4-057,1004090,True,False,False,S5,,yellow,,,,,,,,T4,4,,1,
414,T4,demo-T4-064,1004160,False,False,False,S6,,blue,,,,,,,,T4,2,,0,
415,T4,demo-T4-055,1004070,True,False,False,S5,,blue,,,,,,,,T4,3,,1,
416,T4neg,demo-T4neg-003,1004270,True,False,False,S1,,red,,,,,,,U,T4,3,,,
417,T4neg,demo-T4neg-040,1004640,False,False,False,S5,,blue,,,,,,,edge,T4,0,,,
418,T4neg,demo-T4neg-013,1004370,True,False,False,S4,,blue,,,,,,,U,T4,1,,,
419,T4neg,demo-T4neg-033,1004571,True,False,False,S3,,red,,,,,,,edge,T4,1,,,
420,T4neg,demo-T4neg-007,1004310,True,False,False,S2,,blue,,,,,,,U,T4,3,,,
421,T4neg,demo-T4neg-036,1004600,False,False,False,S4,,red,,,,,,,edge,T4,0,,,
422,T4neg,demo-T4neg-035,1004590,True,False,False,S3,,yellow,,,,,,,edge,T4,3,,,
423,T4neg,demo-T4neg-030,1004540,False,False,False,S2,,red,,,,,,,edge,T4,2,,,
424,T4neg,demo-T4neg-002,1004260,False,False,False,S1,,yellow,,,,,,,U,T4,2,,,
425,T4neg,demo-T4neg-034,1004580,False,False,False,S3,,blue,,,,,,,edge,T4,2,,,
426,T4neg,demo-T4neg-024,1004480,False,False,False,S1,,red,,,,,,,edge,T4,0,,,
427,T4neg,demo-T4neg-041,1004650,True,False,False,S5,,yellow,,,,,,,edge,T4,1,,,
428,T4neg,demo-T4neg-010,1004340,False,False,False,S3,,blue,,,,,,,U,T4,2,,,
429,T4neg,demo-T4neg-028,1004520,False,False,False,S2,,blue,,,,,,,edge,T4,0,,,
430,T4neg,demo-T4neg-017,1004410,True,False,False,S5,,yellow,,,,,,,U,T4,1,,,
431,T4neg,demo-T4neg-037,1004610,True,False,False,S4,,blue,,,,,,,edge,T4,1,,,
432,T4neg,demo-T4neg-027,1004510,True,False,False,S1,,red,,,,,,,edge,T4,3,,,
433,T4neg,demo-T4neg-004,1004280,False,False,False,S2,,blue,,,,,,,U,T4,0,,,
434,T4neg,demo-T4neg-000,1004240,False,False,False,S1,,red,,,,,,,U,T4,0,,,
435,T4neg,demo-T4neg-039,1004630,True,False,False,S4,,red,,,,,,,edge,T4,3,,,
436,T4neg,demo-T4neg-026,1004500,False,False,False,S1,,yellow,,,,,,,edge,T4,2,,,
437,T4neg,demo-T4neg-043,1004670,True,False,False,S5,,blue,,,,,,,edge,T4,3,,,
438,T4neg,demo-T4neg-032,1004560,False,False,False,S3,,yellow,,,,,,,edge,T4,0,,,
439,T4neg,demo-T4neg-029,1004530,True,False,False,S2,,yellow,,,,,,,edge,T4,1,,,
440,T4neg,demo-T4neg-011,1004350,True,False,False,S3,,yellow,,,,,,,U,T4,3,,,
441,T4neg,demo-T4neg-015,1004390,True,False,False,S4,,red,,,,,,,U,T4,3,,,
442,T4neg,demo-T4neg-005,1004290,True,False,False,S2,,yellow,,,,,,,U,T4,1,,,
443,T4neg,demo-T4neg-014,1004380,False,False,False,S4,,yellow,,,,,,,U,T4,2,,,
444,T4neg,demo-T4neg-042,1004660,False,False,False,S5,,red,,,,,,,edge,T4,2,,,
445,T4neg,demo-T4neg-047,1004710,True,False,False,S6,,yellow,,,,,,,edge,T4,3,,,
446,T4neg,demo-T4neg-008,1004320,False,False,False,S3,,yellow,,,,,,,U,T4,0,,,
447,T4neg,demo-T4neg-012,1004360,False,False,False,S4,,red,,,,,,,U,T4,0,,,
448,T4neg,demo-T4neg-018,1004420,False,False,False,S5,,red,,,,,,,U,T4,2,,,
449,T4neg,demo-T4neg-009,1004330,True,False,False,S3,,red,,,,,,,U,T4,1,,,
450,T4neg,demo-T4neg-019,1004430,True,False,False,S5,,blue,,,,,,,U,T4,3,,,
451,T4neg,demo-T4neg-023,1004470,True,False,False,S6,,yellow,,,,,,,U,T4,3,,,
452,T4neg,demo-T4neg-031,1004550,True,False,False,S2,,blue,,,,,,,edge,T4,3,,,
453,T4neg,demo-T4neg-038,1004620,False,False,False,S4,,yellow,,,,,,,edge,T4,2,,,
454,T4neg,demo-T4neg-001,1004250,True,False,False,S1,,blue,,,,,,,U,T4,1,,,
455,T4neg,demo-T4neg-046,1004701,False,False,False,S6,,blue,,,,,,,edge,T4,2,,,
456,T4neg,demo-T4neg-016,1004400,False,False,False,S5,,blue,,,,,,,U,T4,0,,,
457,T4neg,demo-T4neg-020,1004440,False,False,False,S6,,yellow,,,,,,,U,T4,0,,,
458,T4neg,demo-T4neg-006,1004300,False,False,False,S2,,red,,,,,,,U,T4,2,,,
459,T4neg,demo-T4neg-021,1004450,True,False,False,S6,,red,,,,,,,U,T4,1,,,
460,T4neg,demo-T4neg-025,1004490,True,False,False,S1,,blue,,,,,,,edge,T4,1,,,
461,T4neg,demo-T4neg-022,1004460,False,False,False,S6,,blue,,,,,,,U,T4,2,,,
462,T5,demo-T5-102,1005740,False,True,False,S6,S1,,,,,,,B1-B2,,T3,,,,0
463,T5,demo-T5-014,1004860,False,True,False,S3,S4,yellow,cube,B1,S1,P1,,,,T1,,,,1
464,T5,demo-T5-100,1005720,False,True,False,S5,S3,,,,,,,B1-B2,,T3,,,,2
465,T5,demo-T5-004,1004760,False,True,False,S1,S6,blue,cube,B3,S2,P1,,,,T1,,,,2
466,T5,demo-T5-027,1004991,True,True,False,S5,S4,red,cube,B3,S6,P2,,,,T1,,,,1
467,T5,demo-T5-060,1005321,True,True,False,S3,S1,white,cup,B1,S4,,H1,,,T2,,,,0
468,T5,demo-T5-107,1005792,True,True,False,S6,S3,,,,,,,B2-B1,,T3,,,,2
469,T5,demo-T5-002,1004740,False,True,False,S1,S4,yellow,cube,B1,S5,P1,,,,T1,,,,1
470,T5,demo-T5-000,1004720,False,True,False,S1,S2,red,cube,B2,S3,P1,,,,T1,,,,0
471,T5,demo-T5-078,1005500,False,True,False,S2,S4,,,,,,,B1-B2,,T3,,,,0
472,T5,demo-T5-019,1004910,True,True,False,S4,S2,blue,cube,B1,S1,P2,,,,T1,,,,0
473,T5,demo-T5-084,1005560,False,True,False,S3,S1,,,,,,,B1-B2,,T3,,,,0
474,T5,demo-T5-031,1005030,True,True,False,S6,S2,blue,cube,B1,S4,P2,,,,T1,,,,0
475,T5,demo-T5-011,1004831,True,True,False,S2,S1,yellow,cube,B2,S4,P2,,,,T1,,,,2
476,T5,demo-T5-047,1005190,False,True,False,S4,S3,red,cube,B2,S5,,H2,,,T2,,,,2
477,T5,demo-T5-090,1005620,False,True,False,S4,S1,,,,,,,B1-B2,,T3,,,,0
478,T5,demo-T5-049,1005210,True,True,False,S5,S2,red,cube,B2,S3,,H2,,,T2,,,,1
479,T5,demo-T5-096,1005680,False,True,False,S5,S1,,,,,,,B1-B2,,T3,,,,0
480,T5,demo-T5-007,1004790,True,True,False,S2,S3,blue,cube,B1,S5,P2,,,,T1,,,,0
481,T5,demo-T5-069,1005410,True,True,False,S6,S1,white,cup,B1,S3,,H2,,,T2,,,,0
482,T5,demo-T5-059,1005310,True,True,False,S2,S4,white,cup,B2,S6,,H2,,,T2,,,,2
483,T5,demo-T5-067,1005390,False,True,False,S5,S3,white,cup,B2,S1,,H2,,,T2,,,,1
484,T5,demo-T5-103,1005750,True,True,False,S6,S1,,,,,,,B2-B1,,T3,,,,0
485,T5,demo-T5-083,1005552,True,True,False,S2,S6,,,,,,,B2-B1,,T3,,,,2
486,T5,demo-T5-042,1005140,False,True,False,S3,S1,red,cube,B2,S2,,H1,,,T2,,,,0
487,T5,demo-T5-026,1004980,False,True,False,S5,S3,yellow,cube,B1,S4,P1,,,,T1,,,,1
488,T5,demo-T5-076,1005480,False,True,False,S1,S5,,,,,,,B1-B2,,T3,,,,2
489,T5,demo-T5-013,1004850,True,True,False,S3,S2,blue,cube,B1,S6,P2,,,,T1,,,,0
490,T5,demo-T5-040,1005121,True,True,False,S2,S3,red,cube,B2,S4,,H1,,,T2,,,,1
491,T5,demo-T5-051,1005230,False,True,False,S6,S1,red,cube,B2,S2,,H2,,,T2,,,,0
492,T5,demo-T5-020,1004920,False,True,False,S4,S3,yellow,cube,B1,S2,P1,,,,T1,,,,1
493,T5,demo-T5-058,1005300,False,True,False,S2,S6,white,cup,B2,S4,,H1,,,T2,,,,1
494,T5,demo-T5-065,1005372,True,True,False,S4,S3,white,cup,B2,S1,,H2,,,T2,,,,2
495,T5,demo-T5-056,1005280,True,True,False,S1,S5,white,cup,B2,S3,,H1,,,T2,,,,2
496,T5,demo-T5-106,1005780,False,True,False,S6,S3,,,,,,,B1-B2,,T3,,,,2
497,T5,demo-T5-039,1005110,False,True,False,S2,S1,red,cube,B2,S3,,H2,,,T2,,,,0
498,T5,demo-T5-055,1005270,False,True,False,S1,S4,white,cup,B1,S6,,H2,,,T2,,,,1
499,T5,demo-T5-097,1005691,True,True,False,S5,S1,,,,,,,B2-B1,,T3,,,,0
500,T5,demo-T5-054,1005262,True,True,False,S1,S3,white,cup,B1,S4,,H1,,,T2,,,,0
501,T5,demo-T5-018,1004900,False,True,False,S4,S1,red,cube,B2,S6,P1,,,,T1,,,,0
502,T5,demo-T5-046,1005180,True,True,False,S4,S2,red,cube,B2,S3,,H1,,,T2,,,,1
503,T5,demo-T5-016,1004880,False,True,False,S3,S6,blue,cube,B3,S4,P1,,,,T1,,,,2
504,T5,demo-T5-066,1005381,True,True,False,S5,S1,white,cup,B1,S3,,H1,,,T2,,,,0
505,T5,demo-T5-077,1005490,True,True,False,S1,S5,,,,,,,B2-B1,,T3,,,,2
506,T5,demo-T5-024,1004960,False,True,False,S5,S1,red,cube,B2,S2,P1,,,,T1,,,,0
507,T5,demo-T5-061,1005330,False,True,False,S3,S4,white,cup,B1,S6,,H2,,,T2,,,,1
508,T5,demo-T5-050,1005220,False,True,False,S5,S3,red,cube,B2,S4,,H1,,,T2,,,,2
509,T5,demo-T5-098,1005700,False,True,False,S5,S2,,,,,,,B1-B2,,T3,,,,1
510,T5,demo-T5-009,1004810,True,True,False,S2,S5,red,cube,B3,S1,P2,,,,T1,,,,1
511,T5,demo-T5-104,1005760,False,True,False,S6,S2,,,,,,,B1-B2,,T3,,,,1
512,T5,demo-T5-071,1005430,True,True,False,S6,S3,white,cup,B2,S1,,H2,,,T2,,,,2
513,T5,demo-T5-105,1005770,True,True,False,S6,S2,,,,,,,B2-B1,,T3,,,,1
514,T5,demo-T5-048,1005201,False,True,False,S5,S1,red,cube,B2,S2,,H1,,,T2,,,,0
515,T5,demo-T5-064,1005360,False,True,False,S4,S2,white,cup,B1,S6,,H1,,,T2,,,,1
516,T5,demo-T5-008,1004800,False,True,False,S2,S4,yellow,cube,B1,S6,P1,,,,T1,,,,1
517,T5,demo-T5-062,1005340,True,True,False,S3,S5,white,cup,B2,S1,,H1,,,T2,,,,2
518,T5,demo-T5-005,1004771,True,True,False,S1,S2,yellow,cube,B2,S3,P2,,,,T1,,,,2
519,T5,demo-T5-038,1005100,False,True,False,S1,S4,red,cube,B2,S5,,H1,,,T2,,,,2
520,T5,demo-T5-043,1005152,True,True,False,S3,S2,red,cube,B2,S4,,H2,,,T2,,,,1
521,T5,demo-T5-033,1005050,True,True,False,S6,S4,red,cube,B3,S1,P2,,,,T1,,,,1
522,T5,demo-T5-080,1005520,False,True,False,S2,S5,,,,,,,B1-B2,,T3,,,,1
523,T5,demo-T5-029,1005011,True,True,False,S5,S1,yellow,cube,B2,S2,P2,,,,T1,,,,2
524,T5,demo-T5-088,1005600,False,True,False,S3,S5,,,,,,,B1-B2,,T3,,,,2
525,T5,demo-T5-023,1004950,True,True,False,S4,S1,yellow,cube,B2,S6,P2,,,,T1,,,,2
526,T5,demo-T5-021,1004931,True,True,False,S4,S5,red,cube,B3,S3,P2,,,,T1,,,,1
527,T5,demo-T5-037,1005090,True,True,False,S1,S3,red,cube,B2,S4,,H2,,,T2,,,,1
528,T5,demo-T5-044,1005160,False,True,False,S3,S4,red,cube,B2,S5,,H1,,,T2,,,,2
529,T5,demo-T5-010,1004820,False,True,False,S2,S6,blue,cube,B3,S3,P1,,,,T1,,,,2
530,T5,demo-T5-093,1005651,True,True,False,S4,S2,,,,,,,B2-B1,,T3,,,,1
531,T5,demo-T5-034,1005060,False,True,False,S6,S5,blue,cube,B3,S2,P1,,,,T1,,,,2
532,T5,demo-T5-063,1005350,True,True,False,S4,S1,white,cup,B1,S3,,H2,,,T2,,,,0
533,T5,demo-T5-032,1005040,False,True,False,S6,S3,yellow,cube,B1,S5,P1,,,,T1,,,,1
534,T5,demo-T5-041,1005130,False,True,False,S2,S4,red,cube,B2,S5,,H2,,,T2,,,,2
535,T5,demo-T5-091,1005630,True,True,False,S4,S1,,,,,,,B2-B1,,T3,,,,0
536,T5,demo-T5-015,1004870,True,True,False,S3,S5,red,cube,B3,S2,P2,,,,T1,,,,1
537,T5,demo-T5-006,1004780,False,True,False,S2,S1,red,cube,B2,S4,P1,,,,T1,,,,0
538,T5,demo-T5-001,1004730,True,True,False,S1,S3,blue,cube,B1,S4,P2,,,,T1,,,,0
539,T5,demo-T5-068,1005402,True,True,False,S5,S1,white,cup,B2,S3,,H1,,,T2,,,,2
540,T5,demo-T5-053,1005250,False,True,False,S6,S3,red,cube,B2,S4,,H2,,,T2,,,,2
541,T5,demo-T5-081,1005532,True,True,False,S2,S5,,,,,,,B2-B1,,T3,,,,1
542,T5,demo-T5-045,1005170,False,True,False,S4,S1,red,cube,B2,S2,,H2,,,T2,,,,0
543,T5,demo-T5-003,1004750,True,True,False,S1,S5,red,cube,B3,S6,P2,,,,T1,,,,1
544,T5,demo-T5-057,1005292,True,True,False,S2,S4,white,cup,B1,S6,,H2,,,T2,,,,0
545,T5,demo-T5-072,1005440,False,True,False,S1,S3,,,,,,,B1-B2,,T3,,,,0
546,T5,demo-T5-092,1005641,False,True,False,S4,S2,,,,,,,B1-B2,,T3,,,,1
547,T5,demo-T5-074,1005460,False,True,False,S1,S4,,,,,,,B1-B2,,T3,,,,1
548,T5,demo-T5-030,1005020,False,True,False,S6,S1,red,cube,B2,S3,P1,,,,T1,,,,0
549,T5,demo-T5-070,1005420,False,True,False,S6,S2,white,cup,B1,S4,,H1,,,T2,,,,1
550,T5,demo-T5-035,1005070,True,True,False,S6,S1,yellow,cube,B2,S3,P2,,,,T1,,,,2
551,T5,demo-T5-036,1005080,False,True,False,S1,S2,red,cube,B2,S3,,H1,,,T2,,,,0
552,T5,demo-T5-017,1004890,True,True,False,S3,S1,yellow,cube,B2,S5,P2,,,,T1,,,,2
553,T5,demo-T5-082,1005540,False,True,False,S2,S6,,,,,,,B1-B2,,T3,,,,2
554,T5,demo-T5-086,1005581,False,True,False,S3,S4,,,,,,,B1-B2,,T3,,,,1
555,T5,demo-T5-012,1004840,False,True,False,S3,S1,red,cube,B2,S5,P1,,,,T1,,,,0
556,T5,demo-T5-094,1005660,False,True,False,S4,S3,,,,,,,B1-B2,,T3,,,,2
557,T5,demo-T5-025,1004971,True,True,False,S5,S2,blue,cube,B1,S3,P2,,,,T1,,,,0
558,T5,demo-T5-089,1005612,True,True,False,S3,S5,,,,,,,B2-B1,,T3,,,,2
